{"cameraMode":{"drawMode":0,"name":"Shaded","section":"Shading Mode"},"sceneLighting":true,"audioPlay":false,"sceneViewState":{"showFog":true,"showMaterialUpdate":false,"showSkybox":true,"showFlares":true,"showImageEffects":true,"showParticleSystems":true},"in2DMode":false,"pivot":{"x":-0.3538944721221924,"y":0.32945382595062258,"z":-22.406230926513673},"rotation":{"x":0.21937212347984315,"y":0.7662978172302246,"z":-0.5029414296150208,"w":0.3342439830303192},"size":3.4437475204467775,"orthographic":false}