{"cameraMode":{"drawMode":0,"name":"Shaded","section":"Shading Mode"},"sceneLighting":true,"audioPlay":false,"sceneViewState":{"showFog":true,"showMaterialUpdate":false,"showSkybox":true,"showFlares":true,"showImageEffects":true,"showParticleSystems":true},"in2DMode":false,"pivot":{"x":-0.9721187353134155,"y":1.8724972009658814,"z":-57.053619384765628},"rotation":{"x":0.011784323491156102,"y":-0.9595730900764465,"z":0.2783292531967163,"w":0.04060601443052292},"size":7.9627251625061039,"orthographic":false}