{"cameraMode":{"drawMode":0,"name":"Shaded","section":"Shading Mode"},"sceneLighting":true,"audioPlay":false,"sceneViewState":{"showFog":true,"showMaterialUpdate":false,"showSkybox":true,"showFlares":true,"showImageEffects":true,"showParticleSystems":true},"in2DMode":false,"pivot":{"x":1.4851503372192383,"y":0.3512086868286133,"z":-4.103991508483887},"rotation":{"x":-0.26120665669441225,"y":0.2779960036277771,"z":-0.07874692976474762,"w":-0.9210772514343262},"size":11.231356620788575,"orthographic":false}