{"cameraMode":{"drawMode":0,"name":"Shaded","section":"Shading Mode"},"sceneLighting":true,"audioPlay":false,"sceneViewState":{"showFog":true,"showMaterialUpdate":false,"showSkybox":true,"showFlares":true,"showImageEffects":true,"showParticleSystems":true},"in2DMode":false,"pivot":{"x":3.538144588470459,"y":-0.4771804213523865,"z":-52.151947021484378},"rotation":{"x":0.013480052351951599,"y":-0.9335325956344605,"z":0.35651952028274538,"w":0.03529757633805275},"size":15.254837989807129,"orthographic":false}