{"cameraMode":{"drawMode":0,"name":"Shaded","section":"Shading Mode"},"sceneLighting":true,"audioPlay":false,"sceneViewState":{"showFog":true,"showMaterialUpdate":false,"showSkybox":true,"showFlares":true,"showImageEffects":true,"showParticleSystems":true},"in2DMode":false,"pivot":{"x":0.31892991065979006,"y":-1.332056999206543,"z":-44.33651351928711},"rotation":{"x":0.007517828606069088,"y":-0.9844146966934204,"z":0.17030851542949677,"w":0.043447282165288928},"size":19.141035079956056,"orthographic":false}