{"cameraMode":{"drawMode":0,"name":"Shaded","section":"Shading Mode"},"sceneLighting":true,"audioPlay":false,"sceneViewState":{"showFog":true,"showMaterialUpdate":false,"showSkybox":true,"showFlares":true,"showImageEffects":true,"showParticleSystems":true},"in2DMode":false,"pivot":{"x":-0.030000001192092897,"y":0.2678734064102173,"z":-18.709978103637697},"rotation":{"x":-0.0007674217340536416,"y":0.9587225914001465,"z":-0.2843310534954071,"w":-0.0025876564905047418},"size":3.6548948287963869,"orthographic":false}