{"cameraMode":{"drawMode":0,"name":"Shaded","section":"Shading Mode"},"sceneLighting":true,"audioPlay":false,"sceneViewState":{"showFog":true,"showMaterialUpdate":false,"showSkybox":true,"showFlares":true,"showImageEffects":true,"showParticleSystems":true},"in2DMode":false,"pivot":{"x":0.7910299301147461,"y":0.7061893343925476,"z":-1.9175050258636475},"rotation":{"x":0.09920813888311386,"y":0.8928664326667786,"z":-0.24135009944438935,"w":0.3670169711112976},"size":6.013640403747559,"orthographic":true}