{"cameraMode":{"drawMode":0,"name":"Shaded","section":"Shading Mode"},"sceneLighting":true,"audioPlay":false,"sceneViewState":{"showFog":true,"showMaterialUpdate":false,"showSkybox":true,"showFlares":true,"showImageEffects":true,"showParticleSystems":true},"in2DMode":false,"pivot":{"x":5.396631240844727,"y":2.264078378677368,"z":-1.8074982166290284},"rotation":{"x":-0.1396934688091278,"y":0.8171418905258179,"z":-0.22246843576431275,"w":-0.513102650642395},"size":0.7303468585014343,"orthographic":false}